{
    "Praha": {"gps": [50.0875, 14.421389], "trip_base_min": 0},
    "Řež":{"gps":[50.173818, 14.375154],"trip_base_min":37},
    "Beroun": {"gps": [49.964167, 14.073889], "trip_base_min": 40},
    "Stříbro": {"gps": [49.7529403, 13.0040925], "trip_base_min": 117},
    "Plzeň": {"gps": [49.7477831, 13.3783489], "trip_base_min": 87},
    "Nymburk": {"gps": [50.1860544, 15.0416711], "trip_base_min": 46},
    "Český Brod": {"gps": [50.0742022, 14.8608119], "trip_base_min": 49},
    "Lysá nad Labem": {"gps": [50.2014311, 14.8328117], "trip_base_min": 38},
    "Rokycany": {"gps": [49.7426981, 13.5945853], "trip_base_min": 80},
    "Kolín": {"gps": [50.0281361, 15.2005672], "trip_base_min": 38},
    "Čáslav": {"gps": [49.9109903, 15.3897178], "trip_base_min": 66},
    "Kutná Hora": {"gps": [49.9483878, 15.2681647], "trip_base_min": 56},
    "Pardubice": {"gps": [50.0375792, 15.7774239], "trip_base_min": 62},
    "Poděbrady": {"gps": [50.1424186, 15.118811], "trip_base_min": 54},
    "Hradec Králové": {"gps": [50.2092275, 15.8327683], "trip_base_min": 114},
    "Příbram": {"gps": [49.6898783, 14.0104247], "trip_base_min": 53},
    "Kralupy nad Vltavou": {"gps":[50.241149, 14.311575],"trip_base_min": 34},
    "Chlumec nad Cydlinou":{"gps":[50.154454, 15.460335],"trip_base_min": 75},
    "Roudnice nad Labem": {"gps":[50.425361, 14.261841],"trip_base_min":59},
    "Tábor": {"gps":[49.414444, 14.657778],"trip_base_min":59},
    "Olbramovice": {"gps":[49.667291, 14.639486],"trip_base_min":52},
    "Veseli nad Lužnicí": {"gps":[49.184369, 14.697356],"trip_base_min":93},
    "Světlá nad Sázavou": {"gps":[49.668062, 15.403979],"trip_base_min":96},
    "Lochovice": {"gps":[49.853268, 13.981323],"trip_base_min":72},
    "Jince": {"gps":[49.786389, 13.978611],"trip_base_min":81},
    "Havlíčkův Brod": {"gps":[ 49.6079, 15.580728],"trip_base_min":91},
    "Přelouč": {"gps":[ 50.039897, 15.560373],"trip_base_min":54},
    "Všetaty": {"gps":[ 50.281944, 14.593056],"trip_base_min":40}
}